date|type|line|remark
2026-09-10|res|7673|?
2026-09-10|res|7691.5|!
2026-09-10|res|7718|!
2026-09-10|res|7727|
2026-09-10|res|7747.25|!
2026-09-10|res|7764.5|!
2026-09-10|res|7781.25|
2026-09-10|res|7820.25|!
2026-09-10|res|7838.25|
2026-09-10|sup|7532|
2026-09-10|sup|7544.75|!
2026-09-10|sup|7563.75|?
2026-09-10|sup|7593.5|!
2026-09-10|sup|7621.25|
2026-09-10|sup|7632|!
2026-09-10|sup|7642.5|?
2026-09-09|res|7718|!
2026-09-09|res|7727|
2026-09-09|res|7747.25|!
2026-09-09|res|7764.5|!
2026-09-09|res|7781.25|
2026-09-09|res|7820.25|!
2026-09-09|res|7838.25|
2026-09-09|sup|7607.75|!
2026-09-09|sup|7621.25|
2026-09-09|sup|7632|!
2026-09-09|sup|7657.75|!
2026-09-09|sup|7669.75|?
2026-09-08|res|7734.25|?
2026-09-08|res|7747.25|!
2026-09-08|res|7764.5|!
2026-09-08|res|7781.25|
2026-09-08|res|7820.25|!
2026-09-08|res|7838.25|
2026-09-08|sup|7621.25|
2026-09-08|sup|7632|!
2026-09-08|sup|7657.75|!
2026-09-08|sup|7669.75|?
2026-09-08|sup|7702.5|!
2026-09-07|res|7747.25|?
2026-09-07|res|7764.5|!
2026-09-07|res|7781.25|
2026-09-07|res|7820.25|!
2026-09-07|res|7838.25|
2026-09-07|sup|7621.25|
2026-09-07|sup|7632|!
2026-09-07|sup|7657.75|!
2026-09-07|sup|7669.75|?
2026-09-07|sup|7694.5|?
2026-09-07|sup|7711.75|!
2026-09-03|res|7690.25|?
2026-09-03|res|7716|!
2026-09-03|res|7747.25|?
2026-09-03|res|7768|!
2026-09-03|res|7781.25|
2026-09-03|res|7820.25|?
2026-09-03|res|7838.25|
2026-09-03|sup|7469|
2026-09-03|sup|7473.75|!
2026-09-03|sup|7532|
2026-09-03|sup|7544.75|!
2026-09-03|sup|7621.25|
2026-09-03|sup|7632|!
2026-09-03|sup|7657.75|?
2026-09-02|res|7654.25|!
2026-09-02|res|7673|!
2026-09-02|res|7716|!
2026-09-02|res|7747.25|?
2026-09-02|res|7768|!
2026-09-02|res|7781.25|
2026-09-02|res|7820.25|?
2026-09-02|res|7838.25|
2026-09-02|sup|7469|
2026-09-02|sup|7473.75|!
2026-09-02|sup|7532|
2026-09-02|sup|7544.75|!
2026-09-02|sup|7625.75|!
2026-09-01|res|7716|!
2026-09-01|res|7718.5|!
2026-09-01|res|7747.25|?
2026-09-01|res|7768|!
2026-09-01|res|7781.25|
2026-09-01|res|7820.25|?
2026-09-01|res|7838.25|
2026-09-01|sup|7532|
2026-09-01|sup|7544.75|!
2026-09-01|sup|7625.75|!
2026-09-01|sup|7653|
2026-09-01|sup|7657.75|!
2026-09-01|sup|7671.25|!
2026-09-01|sup|7677.25|?
2026-08-31|res|7714.25|?
2026-08-31|res|7747.25|?
2026-08-31|res|7768|!
2026-08-31|res|7781.25|
2026-08-31|res|7820.25|?
2026-08-31|res|7838.25|
2026-08-31|sup|7532|
2026-08-31|sup|7544.75|!
2026-08-31|sup|7625.75|!
2026-08-31|sup|7657.75|!
2026-08-31|sup|7671.25|?
2026-08-27|res|7739.25|?
2026-08-27|res|7745.5|!
2026-08-27|res|7759.5|
2026-08-27|res|7797.75|!
2026-08-27|res|7831.75|!
2026-08-27|res|7836.5|
2026-08-27|res|7853.25|!
2026-08-27|res|7882|!
2026-08-27|sup|7417|
2026-08-27|sup|7431.75|!
2026-08-27|sup|7468.5|?
2026-08-27|sup|7517|?
2026-08-27|sup|7544.25|!
2026-08-27|sup|7613.5|!
2026-08-27|sup|7627.75|!
2026-08-27|sup|7657.75|
2026-08-27|sup|7671|!
2026-08-27|sup|7680|?
2026-08-27|sup|7709.75|!
2026-08-26|res|7714|!
2026-08-26|res|7720|
2026-08-26|res|7745.5|?
2026-08-26|res|7759.5|!
2026-08-26|res|7797.75|!
2026-08-26|res|7831.75|!
2026-08-26|res|7836.5|
2026-08-26|res|7853.25|!
2026-08-26|res|7882|!
2026-08-26|sup|7417|
2026-08-26|sup|7431.75|!
2026-08-26|sup|7468.5|?
2026-08-26|sup|7517|?
2026-08-26|sup|7544.25|!
2026-08-26|sup|7613.5|!
2026-08-26|sup|7627.75|!
2026-08-26|sup|7657.75|
2026-08-26|sup|7661.75|!
2026-08-25|res|7708.5|!
2026-08-25|res|7720|!
2026-08-25|res|7745.5|?
2026-08-25|res|7759.5|!
2026-08-25|res|7797.75|!
2026-08-25|res|7831.75|!
2026-08-25|res|7836.5|
2026-08-25|res|7853.25|!
2026-08-25|res|7882|!
2026-08-25|sup|7417|
2026-08-25|sup|7431.75|!
2026-08-25|sup|7468.5|?
2026-08-25|sup|7517|?
2026-08-25|sup|7544.25|!
2026-08-25|sup|7613.5|!
2026-08-25|sup|7627.75|!
2026-08-25|sup|7657.75|!
2026-08-24|res|7714|!
2026-08-24|res|7745.5|?
2026-08-24|res|7759.5|!
2026-08-24|res|7797.75|!
2026-08-24|res|7831.75|!
2026-08-24|res|7836.5|
2026-08-24|res|7853.25|!
2026-08-24|res|7882|!
2026-08-24|sup|7417|
2026-08-24|sup|7431.75|!
2026-08-24|sup|7468.5|?
2026-08-24|sup|7517|?
2026-08-24|sup|7544.25|!
2026-08-24|sup|7613.5|!
2026-08-24|sup|7627.75|!
2026-08-24|sup|7659|!
2026-08-20|res|7762.5|?
2026-08-20|res|7770.75|?
2026-08-20|res|7797.75|!
2026-08-20|res|7831.75|!
2026-08-20|res|7836.5|
2026-08-20|res|7853.25|!
2026-08-20|res|7882|!
2026-08-20|sup|7416.75|
2026-08-20|sup|7431.75|!
2026-08-20|sup|7468.5|?
2026-08-20|sup|7517|?
2026-08-20|sup|7544.25|!
2026-08-20|sup|7627.75|!
2026-08-20|sup|7637|!
2026-08-20|sup|7667.75|?
2026-08-20|sup|7698.25|
2026-08-20|sup|7702|!
2026-08-20|sup|7721.5|?
2026-08-19|res|7739|!
2026-08-19|res|7770.75|?
2026-08-19|res|7797.75|!
2026-08-19|res|7831.75|!
2026-08-19|res|7853.25|!
2026-08-19|res|7882|!
2026-08-19|sup|7416.75|
2026-08-19|sup|7431.75|!
2026-08-19|sup|7468.5|?
2026-08-19|sup|7507|
2026-08-19|sup|7517|?
2026-08-19|sup|7544.25|!
2026-08-19|sup|7627.75|!
2026-08-19|sup|7674.75|?
2026-08-19|sup|7692.5|?
2026-08-18|res|7769.5|?
2026-08-18|res|7797.75|!
2026-08-18|res|7831.75|!
2026-08-18|res|7853.25|!
2026-08-18|res|7882|!
2026-08-18|sup|7416.75|
2026-08-18|sup|7431.75|!
2026-08-18|sup|7468.5|?
2026-08-18|sup|7507|
2026-08-18|sup|7517|?
2026-08-18|sup|7544.25|!
2026-08-18|sup|7627.75|!
2026-08-18|sup|7674.75|?
2026-08-18|sup|7692.5|!
2026-08-18|sup|7726.75|!
2026-08-18|sup|7740.25|!
2026-08-17|res|7824|!
2026-08-17|res|7831.75|!
2026-08-17|res|7845.5|!
2026-08-17|res|7859.25|!
2026-08-17|sup|7416.75|
2026-08-17|sup|7431.75|!
2026-08-17|sup|7468.5|?
2026-08-17|sup|7507|
2026-08-17|sup|7517|?
2026-08-17|sup|7544.25|!
2026-08-17|sup|7627.75|!
2026-08-17|sup|7674.75|?
2026-08-17|sup|7692.5|!
2026-08-17|sup|7726.75|
2026-08-17|sup|7740.25|!
2026-08-17|sup|7753.75|
2026-08-17|sup|7756.5|!
2026-08-17|sup|7760|?
2026-08-17|sup|7797.75|!
2026-08-13|res|7796.25|!
2026-08-13|res|7819.25|!
2026-08-13|res|7836.25|!
2026-08-13|res|7861.75|!
2026-08-13|sup|7416.75|
2026-08-13|sup|7431.75|!
2026-08-13|sup|7468.5|?
2026-08-13|sup|7507|
2026-08-13|sup|7517|?
2026-08-13|sup|7544.25|!
2026-08-13|sup|7627.75|!
2026-08-13|sup|7674.75|?
2026-08-13|sup|7692.5|!
2026-08-13|sup|7726.75|
2026-08-13|sup|7740.25|!
2026-08-13|sup|7753.75|
2026-08-13|sup|7756.5|!
2026-08-13|sup|7760|?
2026-08-12|res|7770.25|?
2026-08-12|res|7796.25|!
2026-08-12|res|7819.25|!
2026-08-12|res|7846.25|!
2026-08-12|res|7861.75|!
2026-08-12|sup|7416.75|
2026-08-12|sup|7431.75|!
2026-08-12|sup|7468.5|?
2026-08-12|sup|7507|
2026-08-12|sup|7517|?
2026-08-12|sup|7544.25|!
2026-08-12|sup|7627.75|!
2026-08-12|sup|7674.75|?
2026-08-12|sup|7692.5|!
2026-08-12|sup|7726.75|
2026-08-12|sup|7740.25|!
2026-08-11|res|7796.25|!
2026-08-11|res|7819.25|!
2026-08-11|res|7835.25|!
2026-08-11|res|7861.75|!
2026-08-11|sup|7416.75|
2026-08-11|sup|7431.75|!
2026-08-11|sup|7468.5|?
2026-08-11|sup|7507|
2026-08-11|sup|7517|?
2026-08-11|sup|7544.25|!
2026-08-11|sup|7627.75|!
2026-08-11|sup|7674.75|?
2026-08-11|sup|7692.5|!
2026-08-11|sup|7726.75|
2026-08-11|sup|7744.5|
2026-08-11|sup|7749.5|!
2026-08-11|sup|7766.75|?
2026-08-10|res|7786.5|!
2026-08-10|res|7800.75|?
2026-08-10|res|7819.25|!
2026-08-10|res|7824.5|
2026-08-10|res|7862|!
2026-08-10|sup|7416.75|
2026-08-10|sup|7426.75|
2026-08-10|sup|7431.75|!
2026-08-10|sup|7468.5|?
2026-08-10|sup|7507|
2026-08-10|sup|7517|?
2026-08-10|sup|7544.25|!
2026-08-10|sup|7627.75|!
2026-08-10|sup|7674.75|?
2026-08-10|sup|7692.5|!
2026-08-10|sup|7702|?
2026-08-10|sup|7744.5|!
2026-08-06|res|7807|?
2026-08-06|res|7819.25|!
2026-08-06|res|7851|!
2026-08-06|res|7881.5|!
2026-08-06|sup|7416.75|
2026-08-06|sup|7431.75|!
2026-08-06|sup|7468.5|?
2026-08-06|sup|7507|
2026-08-06|sup|7517|?
2026-08-06|sup|7544.25|!
2026-08-06|sup|7627.75|!
2026-08-06|sup|7674.75|?
2026-08-06|sup|7692.5|!
2026-08-06|sup|7702|?
2026-08-06|sup|7748.25|!
2026-08-04|res|7674.75|!
2026-08-04|res|7692.5|
2026-08-04|res|7716.5|!
2026-08-04|res|7785.25|!
2026-08-04|sup|7416.75|
2026-08-04|sup|7431.75|!
2026-08-04|sup|7468.5|?
2026-08-04|sup|7507|
2026-08-04|sup|7517|?
2026-08-04|sup|7544.25|!
2026-08-04|sup|7627.75|!
2026-08-03|res|7614.75|!
2026-08-03|res|7627.75|
2026-08-03|res|7674.75|!
2026-08-03|res|7692.5|
2026-08-03|sup|7326.5|
2026-08-03|sup|7354.25|?
2026-08-03|sup|7416.75|
2026-08-03|sup|7431.75|!
2026-08-03|sup|7473.5|!
2026-08-03|sup|7488.5|?
2026-08-03|sup|7517|?
2026-07-30|res|7418.5|?
2026-07-30|res|7485.75|?
2026-07-30|res|7496.5|
2026-07-30|res|7515.5|?
2026-07-30|res|7524.25|!
2026-07-30|res|7554.25|!
2026-07-30|res|7562.75|
2026-07-30|res|7579.75|!
2026-07-30|res|7628.5|!
2026-07-30|sup|7188|
2026-07-30|sup|7267|!
2026-07-30|sup|7306.25|!
2026-07-30|sup|7326.75|?
2026-07-30|sup|7359.75|!
2026-07-29|res|7467.75|?
2026-07-29|res|7496.5|
2026-07-29|res|7515.5|?
2026-07-29|res|7524.25|!
2026-07-29|res|7554.25|!
2026-07-29|res|7562.75|
2026-07-29|res|7579.75|!
2026-07-29|res|7628.5|!
2026-07-29|sup|7188|
2026-07-29|sup|7267|!
2026-07-29|sup|7306.25|!
2026-07-29|sup|7359.75|
2026-07-29|sup|7418.5|
2026-07-28|res|7456.5|?
2026-07-28|res|7460.5|!
2026-07-28|res|7491.25|?
2026-07-28|res|7515.5|?
2026-07-28|res|7524.25|!
2026-07-28|res|7554.25|!
2026-07-28|res|7562.75|
2026-07-28|res|7579.75|!
2026-07-28|res|7628.5|!
2026-07-28|sup|7188|
2026-07-28|sup|7267|!
2026-07-28|sup|7306.25|!
2026-07-28|sup|7359.75|
2026-07-28|sup|7418.5|
2026-07-28|sup|7432.25|!
2026-07-27|res|7515.5|?
2026-07-27|res|7554.25|!
2026-07-27|res|7562.75|
2026-07-27|res|7579.75|!
2026-07-27|res|7628.5|!
2026-07-27|res|7649.75|?
2026-07-27|res|7692.5|
2026-07-27|sup|7306.25|!
2026-07-27|sup|7359.75|
2026-07-27|sup|7418.5|
2026-07-27|sup|7432.25|!
2026-07-23|res|7515.5|?
2026-07-23|res|7554.25|!
2026-07-23|res|7562.75|
2026-07-23|res|7579.75|!
2026-07-23|res|7628.5|!
2026-07-23|res|7649.75|?
2026-07-23|res|7692.5|
2026-07-23|sup|7306.25|!
2026-07-23|sup|7359.75|
2026-07-23|sup|7399.5|
2026-07-23|sup|7404.25|!
2026-07-23|sup|7436.25|?
2026-07-23|sup|7469.25|
2026-07-23|sup|7473.25|!
2026-07-23|sup|7504.25|?
2026-07-22|res|7515.5|?
2026-07-22|res|7552.75|?
2026-07-22|res|7558.25|!
2026-07-22|res|7579.75|!
2026-07-22|res|7628.5|!
2026-07-22|res|7649.75|?
2026-07-22|res|7692.5|
2026-07-22|sup|7306.25|!
2026-07-22|sup|7359.75|
2026-07-22|sup|7399.5|
2026-07-22|sup|7404.25|!
2026-07-22|sup|7436.25|?
2026-07-22|sup|7469.25|
2026-07-22|sup|7473.25|!
2026-07-22|sup|7505.5|?
2026-07-21|res|7593.75|?
2026-07-21|res|7600|!
2026-07-21|res|7628.5|!
2026-07-21|res|7649.75|?
2026-07-21|res|7692.5|
2026-07-21|sup|7306.25|!
2026-07-21|sup|7359.75|
2026-07-21|sup|7399.5|
2026-07-21|sup|7404.25|!
2026-07-21|sup|7436.25|?
2026-07-21|sup|7469.25|
2026-07-21|sup|7473.25|!
2026-07-20|res|7539|?
2026-07-20|res|7600|!
2026-07-20|res|7628.5|!
2026-07-20|res|7649.75|?
2026-07-20|res|7692.5|
2026-07-20|sup|7306.25|!
2026-07-20|sup|7359.75|
2026-07-20|sup|7399.5|
2026-07-20|sup|7404.25|!
2026-07-20|sup|7436.25|?
2026-07-20|sup|7469.25|!
2026-07-20|sup|7482|?
2026-07-16|res|7628.75|!
2026-07-16|res|7648.25|!
2026-07-16|res|7664|?
2026-07-16|res|7673.5|!
2026-07-16|res|7692.5|!
2026-07-16|res|7700.25|
2026-07-16|sup|7398.5|
2026-07-16|sup|7409|!
2026-07-16|sup|7469|!
2026-07-16|sup|7507.75|?
2026-07-16|sup|7529.5|!
2026-07-16|sup|7532.25|!
2026-07-16|sup|7552.5|?
2026-07-16|sup|7570.25|!
2026-07-16|sup|7588.25|
2026-07-16|sup|7592.5|!
2026-07-15|res|7613.5|!
2026-07-15|res|7637|!
2026-07-15|res|7648.25|
2026-07-15|res|7673.5|?
2026-07-15|res|7692.5|!
2026-07-15|res|7709.5|
2026-07-15|sup|7266.5|
2026-07-15|sup|7304.75|
2026-07-15|sup|7360.25|!
2026-07-15|sup|7398.5|
2026-07-15|sup|7409|!
2026-07-15|sup|7469|!
2026-07-15|sup|7507.75|?
2026-07-15|sup|7529.5|!
2026-07-15|sup|7556.5|!
2026-07-15|sup|7570.25|?
2026-07-14|res|7563.25|?
2026-07-14|res|7568.25|!
2026-07-14|res|7606|?
2026-07-14|res|7610.5|!
2026-07-14|res|7637|!
2026-07-14|res|7648.25|
2026-07-14|res|7673.5|?
2026-07-14|res|7692.5|!
2026-07-14|res|7728.25|!
2026-07-14|sup|7266.5|
2026-07-14|sup|7304.75|
2026-07-14|sup|7360.25|!
2026-07-14|sup|7398.5|
2026-07-14|sup|7409|!
2026-07-14|sup|7469|!
2026-07-14|sup|7507.75|?
2026-07-14|sup|7529.5|?
2026-07-13|res|7601.5|?
2026-07-13|res|7606|!
2026-07-13|res|7637|!
2026-07-13|res|7648.25|
2026-07-13|res|7673.5|?
2026-07-13|res|7692.5|!
2026-07-13|res|7728.25|!
2026-07-13|sup|7266.5|
2026-07-13|sup|7304.75|
2026-07-13|sup|7360.25|!
2026-07-13|sup|7398.5|
2026-07-13|sup|7409|!
2026-07-13|sup|7469|!
2026-07-13|sup|7507.75|?
2026-07-13|sup|7529.5|?
2026-07-13|sup|7568.25|?
2026-07-09|res|7611.5|?
2026-07-09|res|7636.5|!
2026-07-09|res|7648.25|
2026-07-09|res|7673.5|?
2026-07-09|res|7692.5|!
2026-07-09|res|7722.25|!
2026-07-09|sup|7304.75|
2026-07-09|sup|7414|
2026-07-09|sup|7436.75|!
2026-07-09|sup|7482.5|!
2026-07-08|res|7587|!
2026-07-08|res|7601.5|
2026-07-08|res|7636.5|!
2026-07-08|res|7648.25|
2026-07-08|res|7673.5|?
2026-07-08|res|7692.5|!
2026-07-08|res|7722.25|!
2026-07-08|sup|7266.5|
2026-07-08|sup|7304.75|
2026-07-08|sup|7360.25|!
2026-07-08|sup|7409|
2026-07-08|sup|7479|
2026-07-08|sup|7481.75|!
2026-07-08|sup|7509.25|
2026-07-08|sup|7511.25|!
2026-07-08|sup|7526.75|!
2026-07-08|sup|7529.25|?
2026-07-07|res|7513.5|!
2026-07-07|res|7581.75|!
2026-07-07|res|7596.75|
2026-07-07|res|7636.5|!
2026-07-07|res|7648.25|
2026-07-07|res|7673.5|?
2026-07-07|res|7692.5|!
2026-07-07|res|7722.25|!
2026-07-07|sup|7266.5|
2026-07-07|sup|7304.75|
2026-07-07|sup|7360.25|!
2026-07-07|sup|7409|!
2026-07-07|sup|7482.5|?
2026-07-06|res|7579|!
2026-07-06|res|7593.25|?
2026-07-06|res|7598.75|!
2026-07-06|res|7636.5|!
2026-07-06|res|7648.25|
2026-07-06|res|7673.5|?
2026-07-06|res|7692.5|!
2026-07-06|res|7722.25|!
2026-07-06|sup|7266.5|
2026-07-06|sup|7304.75|
2026-07-06|sup|7360.25|!
2026-07-06|sup|7409|
2026-07-06|sup|7481.75|!
2026-07-06|sup|7511.25|!
2026-07-02|res|7579|!
2026-07-02|res|7598.75|!
2026-07-02|res|7636.5|!
2026-07-02|res|7648.25|
2026-07-02|res|7673.5|?
2026-07-02|res|7692.5|!
2026-07-02|res|7722.25|!
2026-07-02|sup|7266.5|
2026-07-02|sup|7304.75|
2026-07-02|sup|7360.25|!
2026-07-02|sup|7409|!
2026-07-02|sup|7482.5|?
2026-07-02|sup|7511.25|!
2026-07-01|res|7568.25|
2026-07-01|res|7598.75|!
2026-07-01|res|7606.75|
2026-07-01|res|7636.5|!
2026-07-01|res|7648.25|
2026-07-01|res|7673.5|?
2026-07-01|res|7692.5|!
2026-07-01|res|7722.25|!
2026-07-01|sup|7266.5|
2026-07-01|sup|7304.75|
2026-07-01|sup|7360.25|!
2026-07-01|sup|7409|!
2026-07-01|sup|7482.5|
2026-07-01|sup|7492.25|!
2026-07-01|sup|7518|!
2026-06-30|res|7513.5|!
2026-06-30|res|7581.75|!
2026-06-30|res|7596.75|
2026-06-30|res|7636.5|!
2026-06-30|res|7648.25|
2026-06-30|res|7673.5|?
2026-06-30|res|7692.5|!
2026-06-30|res|7722.25|!
2026-06-30|sup|7266.5|
2026-06-30|sup|7304.75|
2026-06-30|sup|7360.25|!
2026-06-30|sup|7409|!
2026-06-30|sup|7482.5|?
2026-06-23|res|7557.25|?
2026-06-23|res|7581.75|!
2026-06-23|res|7596.75|
2026-06-23|res|7636.5|!
2026-06-23|res|7648.25|
2026-06-23|res|7673.5|?
2026-06-23|res|7692.5|!
2026-06-23|res|7722.25|!
2026-06-23|sup|7304.75|
2026-06-23|sup|7414|
2026-06-23|sup|7436.75|!
2026-06-23|sup|7482.5|!
2026-06-22|res|7581.75|!
2026-06-22|res|7636.5|!
2026-06-22|res|7648.25|
2026-06-22|res|7673.5|?
2026-06-22|res|7692.5|!
2026-06-22|res|7722.25|!
2026-06-22|sup|7304.75|
2026-06-22|sup|7414|
2026-06-22|sup|7436.75|!
2026-06-22|sup|7482.5|
2026-06-22|sup|7512.75|!
2026-06-18|res|7611.5|?
2026-06-18|res|7636.5|!
2026-06-18|res|7648.25|
2026-06-18|res|7673.5|?
2026-06-18|res|7692.5|!
2026-06-18|res|7722.25|!
2026-06-18|sup|7304.75|
2026-06-18|sup|7414|
2026-06-18|sup|7436.75|!
2026-06-18|sup|7482.5|!
2026-06-17|res|7636.5|?
2026-06-17|res|7648.25|!
2026-06-17|res|7673.5|?
2026-06-17|res|7692.5|!
2026-06-17|res|7722.25|!
2026-06-17|sup|7304.75|
2026-06-17|sup|7414|
2026-06-17|sup|7436.75|!
2026-06-17|sup|7482.5|!
2026-06-17|sup|7542|!
2026-06-17|sup|7580.75|!
2026-06-16|res|7648.25|!
2026-06-16|res|7673.5|?
2026-06-16|res|7692.5|!
2026-06-16|res|7722.25|!
2026-06-16|sup|7304.75|
2026-06-16|sup|7414|
2026-06-16|sup|7436.75|!
2026-06-16|sup|7482.5|!
2026-06-16|sup|7542|!
2026-06-16|sup|7584.75|!
2026-06-15|res|7629.5|?
2026-06-15|res|7637.5|!
2026-06-15|res|7673.5|?
2026-06-15|res|7692.5|
2026-06-15|sup|7304.75|
2026-06-15|sup|7414|
2026-06-15|sup|7436.75|!
2026-06-15|sup|7482.5|!
2026-06-15|sup|7542|!
2026-06-15|sup|7568|!
2026-06-10|res|7399.25|?
2026-06-10|res|7475.5|!
2026-06-10|res|7534.25|?
2026-06-10|res|7543.75|!
2026-06-10|res|7574.5|
2026-06-10|res|7611.75|!
2026-06-10|res|7632.25|
2026-06-10|sup|7085.25|
2026-06-10|sup|7126.25|!
2026-06-10|sup|7214|!
2026-06-10|sup|7249.25|!
2026-06-10|sup|7299.75|?
2026-06-10|sup|7335.75|!
2026-06-09|res|7475.5|!
2026-06-09|res|7534.25|?
2026-06-09|res|7543.75|!
2026-06-09|res|7574.5|
2026-06-09|res|7611.75|!
2026-06-09|res|7632.25|
2026-06-09|sup|7085.25|!
2026-06-09|sup|7214|!
2026-06-09|sup|7292|!
2026-06-09|sup|7346|!
2026-06-09|sup|7355.75|?
2026-06-09|sup|7385.75|?
2026-06-04|res|7552.25|!
2026-06-04|res|7570.25|?
2026-06-04|res|7596.75|?
2026-06-04|res|7610.75|!
2026-06-04|res|7630|!
2026-06-04|res|7632|
2026-06-04|res|7664.25|!
2026-06-04|res|7702.5|!
2026-06-04|sup|7356.75|
2026-06-04|sup|7375.75|!
2026-06-04|sup|7408.25|
2026-06-04|sup|7467.25|
2026-06-04|sup|7471.75|!
2026-06-04|sup|7505.75|!
2026-06-04|sup|7516.75|?
2026-06-03|res|7630|!
2026-06-03|res|7632|
2026-06-03|res|7643.5|!
2026-06-03|res|7663|!
2026-06-03|res|7694.25|!
2026-06-03|sup|7505.75|!
2026-06-03|sup|7516.75|?
2026-06-03|sup|7552.25|?
2026-06-03|sup|7574.25|?
2026-06-03|sup|7592.75|!
2026-06-03|sup|7595.75|?
2026-06-03|sup|7606.25|?
2026-06-03|sup|7619.25|!
2026-06-02|res|7608.5|?
2026-06-02|res|7620.25|?
2026-06-02|res|7628.25|!
2026-06-02|res|7643|!
2026-06-02|res|7652.75|!
2026-06-02|res|7673.5|!
2026-06-02|sup|7505.75|!
2026-06-02|sup|7516.75|?
2026-06-02|sup|7552.25|?
2026-06-02|sup|7574.25|?
2026-06-02|sup|7580|!
2026-05-27|res|7553|!
2026-05-27|res|7557.25|?
2026-05-27|res|7568.75|?
2026-05-27|res|7575.25|!
2026-05-27|res|7595.5|!
2026-05-27|sup|7356.75|!
2026-05-27|sup|7375.75|?
2026-05-27|sup|7408.25|?
2026-05-27|sup|7471.75|!
2026-05-27|sup|7516.75|
2026-05-27|sup|7519|!
2026-05-20|res|7411.75|?
2026-05-20|res|7415.25|!
2026-05-20|res|7439|?
2026-05-20|res|7454.5|!
2026-05-20|res|7471.75|?
2026-05-20|res|7489.75|!
2026-05-20|res|7531.5|!
2026-05-20|res|7538|
2026-05-20|res|7575|!
2026-05-20|sup|7201.5|
2026-05-20|sup|7237.5|?
2026-05-20|sup|7271.75|?
2026-05-20|sup|7300.25|!
2026-05-20|sup|7327|
2026-05-20|sup|7356|?
2026-05-19|res|7439|?
2026-05-19|res|7454.5|!
2026-05-19|res|7471.75|?
2026-05-19|res|7489.75|!
2026-05-19|res|7531.5|!
2026-05-19|res|7538|
2026-05-19|res|7575|!
2026-05-19|sup|7201.5|
2026-05-19|sup|7237.5|?
2026-05-19|sup|7271.75|?
2026-05-19|sup|7300.25|!
2026-05-19|sup|7327|
2026-05-19|sup|7345.25|!
2026-05-19|sup|7363.5|!
2026-05-19|sup|7375.25|?
2026-05-18|res|7434.75|?
2026-05-18|res|7454.5|?
2026-05-18|res|7471.75|?
2026-05-18|res|7489.75|!
2026-05-18|res|7531.5|!
2026-05-18|res|7538|
2026-05-18|res|7575|!
2026-05-18|sup|7201.5|
2026-05-18|sup|7237.5|?
2026-05-18|sup|7271.75|?
2026-05-18|sup|7300.25|!
2026-05-18|sup|7327|
2026-05-18|sup|7345.25|!
2026-05-18|sup|7363.5|?
2026-05-14|res|7487|!
2026-05-14|res|7508.5|?
2026-05-14|res|7543.75|!
2026-05-14|res|7598.5|!
2026-05-14|sup|7271.75|?
2026-05-14|sup|7300.25|!
2026-05-14|sup|7327|
2026-05-14|sup|7345.25|!
2026-05-14|sup|7363.5|!
2026-05-14|sup|7402.25|!
2026-05-14|sup|7452.75|
2026-05-14|sup|7453.75|!
2026-05-13|res|7452.75|!
2026-05-13|res|7459.25|
2026-05-13|res|7484.5|!
2026-05-13|res|7532.5|!
2026-05-13|sup|7086|
2026-05-13|sup|7121.5|!
2026-05-13|sup|7133.75|?
2026-05-13|sup|7201.5|
2026-05-13|sup|7237.5|!
2026-05-13|sup|7300.25|!
2026-05-13|sup|7327|
2026-05-13|sup|7345.25|!
2026-05-13|sup|7363.5|!
2026-05-13|sup|7390.25|!
2026-05-13|sup|7402.25|!
2026-05-11|res|7426.75|!
2026-05-11|res|7440.5|?
2026-05-11|res|7460.25|!
2026-05-11|res|7493|!
2026-05-11|sup|7085.25|
2026-05-11|sup|7088.25|!
2026-05-11|sup|7121.5|!
2026-05-11|sup|7133.75|?
2026-05-11|sup|7201.5|
2026-05-11|sup|7237.5|!
2026-05-11|sup|7300.25|!
2026-05-11|sup|7327|
2026-05-11|sup|7345.25|!
2026-05-11|sup|7377|!
2026-05-11|sup|7381|?
2026-05-07|res|7423|?
2026-05-07|res|7455.25|!
2026-05-07|res|7515|!
2026-05-07|sup|7085.25|
2026-05-07|sup|7088.25|!
2026-05-07|sup|7121.5|!
2026-05-07|sup|7133.75|?
2026-05-07|sup|7201.5|
2026-05-07|sup|7237.5|!
2026-05-07|sup|7300.25|!
2026-05-07|sup|7327|!
2026-05-07|sup|7358.75|?
2026-05-06|res|7319.5|!
2026-05-06|res|7340|?
2026-05-06|res|7372|!
2026-05-06|res|7424.25|!
2026-05-06|sup|7085.25|
2026-05-06|sup|7088.25|!
2026-05-06|sup|7121.5|!
2026-05-06|sup|7135.25|?
2026-05-06|sup|7201.5|
2026-05-06|sup|7248.75|
2026-05-06|sup|7255|!
2026-05-06|sup|7278.5|!
2026-05-06|sup|7284|?
2026-05-05|res|7273.75|!
2026-05-05|res|7277|
2026-05-05|res|7296|
2026-05-05|res|7313.25|!
2026-05-05|res|7352|!
2026-05-05|sup|7085.25|
2026-05-05|sup|7088.25|!
2026-05-05|sup|7121.5|!
2026-05-05|sup|7135.25|?
2026-05-05|sup|7201.5|
2026-05-05|sup|7221.75|!
2026-05-04|res|7296|?
2026-05-04|res|7323|!
2026-05-04|res|7345.5|!
2026-05-04|sup|7085.25|
2026-05-04|sup|7135.25|
2026-05-04|sup|7181.25|?
2026-05-04|sup|7201.5|
2026-05-04|sup|7205.25|!
2026-05-04|sup|7221.75|
2026-05-04|sup|7225.5|?
2026-05-04|sup|7247|!
2026-04-30|res|7181.25|?
2026-04-30|res|7201.5|!
2026-04-30|res|7205.25|
2026-04-30|res|7221.75|!
2026-04-30|res|7238.5|!
2026-04-30|res|7275.5|!
2026-04-30|sup|6985|
2026-04-30|sup|6992.25|!
2026-04-30|sup|7048|
2026-04-30|sup|7085|!
2026-04-30|sup|7088.25|!
2026-04-30|sup|7135.25|?
2026-04-29|res|7201.5|?
2026-04-29|res|7221.75|!
2026-04-29|res|7247.25|!
2026-04-29|res|7281.75|!
2026-04-29|sup|7048|
2026-04-29|sup|7085|
2026-04-29|sup|7088.25|!
2026-04-29|sup|7121.5|!
2026-04-29|sup|7147|?
2026-04-29|sup|7180.25|!
2026-04-28|res|7221.75|!
2026-04-28|res|7228.75|!
2026-04-28|res|7249|?
2026-04-28|res|7275|!
2026-04-28|sup|7048|
2026-04-28|sup|7085|
2026-04-28|sup|7088.25|!
2026-04-28|sup|7121.5|!
2026-04-28|sup|7147|?
2026-04-28|sup|7177.25|
2026-04-28|sup|7180.25|!
2026-04-28|sup|7201.5|?
2026-04-27|res|7218.75|!
2026-04-27|res|7242.25|?
2026-04-27|res|7283.75|!
2026-04-27|sup|7048|
2026-04-27|sup|7088.25|!
2026-04-27|sup|7121.5|?
2026-04-27|sup|7172.75|!
2026-04-27|sup|7200.25|!
2026-04-23|res|7166.25|?
2026-04-23|res|7184|!
2026-04-23|res|7202.75|!
2026-04-23|res|7232.5|!
2026-04-23|res|7252.25|!
2026-04-23|res|7318.75|!
2026-04-23|sup|6921|
2026-04-23|sup|6927.75|!
2026-04-23|sup|6985|
2026-04-23|sup|6992.25|!
2026-04-23|sup|7048|
2026-04-23|sup|7088.25|!
2026-04-23|sup|7096.25|?
2026-04-20|res|7166.25|?
2026-04-20|res|7184|!
2026-04-20|res|7208.25|?
2026-04-20|res|7252.25|!
2026-04-20|res|7318.75|!
2026-04-20|sup|6921|
2026-04-20|sup|6927.75|!
2026-04-20|sup|6985|
2026-04-20|sup|6992.25|!
2026-04-20|sup|7048|
2026-04-20|sup|7088.25|!
2026-04-20|sup|7096.25|?
2026-04-16|res|7088.5|?
2026-04-16|res|7096.75|!
2026-04-16|res|7102|
2026-04-16|res|7135.5|!
2026-04-16|res|7187.75|!
2026-04-16|sup|6770.5|
2026-04-16|sup|6787.75|!
2026-04-16|sup|6847.25|!
2026-04-16|sup|6927.5|
2026-04-16|sup|6930.5|!
2026-04-16|sup|7000|
2026-04-16|sup|7018.25|!
2026-04-16|sup|7042.75|!
2026-04-16|sup|7046.75|?
2026-04-15|res|7032.75|?
2026-04-15|res|7059.25|!
2026-04-15|res|7088.5|
2026-04-15|res|7136|!
2026-04-15|sup|6574.5|!
2026-04-15|sup|6598.75|!
2026-04-15|sup|6652.75|!
2026-04-15|sup|6672.5|?
2026-04-15|sup|6715.5|?
2026-04-15|sup|6765.25|?
2026-04-15|sup|6793|!
2026-04-15|sup|6838.5|
2026-04-15|sup|6845.75|!
2026-04-15|sup|6882|!
2026-04-15|sup|6920.5|!
2026-04-15|sup|6930.75|?
2026-04-15|sup|6979|!
2026-04-15|sup|6983.75|?
2026-04-13|res|6883|?
2026-04-13|res|6903.75|?
2026-04-13|res|6907.75|!
2026-04-13|res|6927.5|?
2026-04-13|res|6953.25|?
2026-04-13|res|6979|?
2026-04-13|res|6983.75|!
2026-04-13|res|7032.75|!
2026-04-13|res|7059.25|!
2026-04-13|res|7088.5|
2026-04-13|sup|6359.75|
2026-04-13|sup|6414.5|!
2026-04-13|sup|6422.25|?
2026-04-13|sup|6490|!
2026-04-13|sup|6514|?
2026-04-13|sup|6574.5|!
2026-04-13|sup|6598.75|!
2026-04-13|sup|6652.75|!
2026-04-13|sup|6672.5|?
2026-04-13|sup|6715.5|?
2026-04-13|sup|6765.25|?
2026-04-09|res|6845.75|?
2026-04-09|res|6903.75|!
2026-04-09|res|6912.5|
2026-04-09|res|6953.25|?
2026-04-09|res|6979|?
2026-04-09|res|6983.75|!
2026-04-09|res|7032.75|!
2026-04-09|res|7059.25|!
2026-04-09|res|7088.5|
2026-04-09|sup|6359.75|
2026-04-09|sup|6414.5|!
2026-04-09|sup|6422.25|?
2026-04-09|sup|6490|!
2026-04-09|sup|6514|?
2026-04-09|sup|6574.5|!
2026-04-09|sup|6598.75|!
2026-04-09|sup|6652.75|!
2026-04-09|sup|6672.5|?
2026-04-09|sup|6765.25|?
2026-04-07|res|6659.5|!
2026-04-07|res|6681.25|?
2026-04-07|res|6704.75|?
2026-04-07|res|6747.75|?
2026-04-07|res|6812|
2026-04-07|res|6903.75|
2026-04-07|sup|6359.75|
2026-04-07|sup|6414.5|!
2026-04-07|sup|6422.25|?
2026-04-07|sup|6490|!
2026-04-07|sup|6514|?
2026-04-07|sup|6574.5|!
2026-04-07|sup|6598.75|!
2026-04-06|res|6647.25|!
2026-04-06|res|6654.5|
2026-04-06|res|6681.25|?
2026-04-06|res|6704.75|?
2026-04-06|res|6747.75|?
2026-04-06|res|6812|
2026-04-06|res|6903.75|
2026-04-06|sup|6359.75|
2026-04-06|sup|6414.5|!
2026-04-06|sup|6422.25|?
2026-04-06|sup|6490|!
2026-04-06|sup|6514|?
2026-04-06|sup|6574.5|!
2026-04-01|res|6647.25|!
2026-04-01|res|6681.25|!
2026-04-01|res|6704.75|
2026-04-01|res|6812|!
2026-04-01|res|6816.75|
2026-04-01|res|6903.75|
2026-04-01|sup|6359.75|
2026-04-01|sup|6414.5|
2026-04-01|sup|6422.25|!
2026-04-01|sup|6471.25|
2026-04-01|sup|6490|!
2026-04-01|sup|6523.5|!
2026-04-01|sup|6574.5|!
2026-03-31|res|6471.25|!
2026-03-31|res|6490|?
2026-03-31|res|6498.75|!
2026-03-31|res|6566.75|
2026-03-31|res|6622.25|!
2026-03-31|res|6631.25|
2026-03-31|res|6681.25|!
2026-03-31|res|6704.75|
2026-03-31|res|6812|
2026-03-31|sup|6241.75|!
2026-03-31|sup|6297.5|!
2026-03-31|sup|6359.75|!
2026-03-30|res|6490|?
2026-03-30|res|6516.75|!
2026-03-30|res|6527.25|
2026-03-30|res|6566.75|
2026-03-30|res|6622.25|!
2026-03-30|res|6631.25|
2026-03-30|res|6681.25|!
2026-03-30|res|6704.75|
2026-03-30|res|6812|
2026-03-30|sup|6155.75|!
2026-03-30|sup|6272.25|!
2026-03-30|sup|6335.25|?
2026-03-26|res|6702.25|?
2026-03-26|res|6717.25|!
2026-03-26|res|6741|?
2026-03-26|res|6758.25|!
2026-03-26|res|6811.25|
2026-03-26|res|6870.25|?
2026-03-26|res|6901.5|
2026-03-26|res|6946.25|?
2026-03-26|res|6960.5|!
2026-03-26|sup|6480.5|
2026-03-26|sup|6490|!
2026-03-26|sup|6524.75|?
2026-03-26|sup|6580|
2026-03-26|sup|6587.5|!
2026-03-25|res|6702.25|?
2026-03-25|res|6717.25|!
2026-03-25|res|6741|?
2026-03-25|res|6758.25|!
2026-03-25|res|6811.25|
2026-03-25|res|6870.25|?
2026-03-25|res|6901.5|
2026-03-25|res|6946.25|?
2026-03-25|res|6960.5|!
2026-03-25|sup|6480.5|
2026-03-25|sup|6490|!
2026-03-25|sup|6524.75|?
2026-03-25|sup|6580|
2026-03-25|sup|6587.5|!
2026-03-24|res|6704.75|?
2026-03-24|res|6748.5|!
2026-03-24|res|6811.25|!
2026-03-24|res|6819.5|
2026-03-24|res|6870.25|!
2026-03-24|res|6876|
2026-03-24|res|6901.5|
2026-03-24|res|6946.25|?
2026-03-24|res|6960.5|!
2026-03-24|res|6984|!
2026-03-24|res|7004|!
2026-03-24|res|7023|
2026-03-24|sup|6210.5|!
2026-03-24|sup|6347|!
2026-03-24|sup|6475|
2026-03-24|sup|6490.25|!
2026-03-24|sup|6587.5|!
2026-03-23|res|6617|?
2026-03-23|res|6648.75|?
2026-03-23|res|6685.25|!
2026-03-23|res|6692.25|
2026-03-23|res|6760|?
2026-03-23|res|6811.25|!
2026-03-23|res|6819.5|
2026-03-23|res|6870.25|!
2026-03-23|res|6901.5|
2026-03-23|sup|6365|!
2026-03-23|sup|6444.25|!
2026-03-23|sup|6516.5|!
2026-03-19|res|6695.75|!
2026-03-19|res|6760|?
2026-03-19|res|6779.75|?
2026-03-19|res|6783.75|!
2026-03-19|res|6811.25|!
2026-03-19|res|6870.25|!
2026-03-19|res|6876.5|
2026-03-19|res|6901.5|!
2026-03-19|res|6939.25|!
2026-03-19|res|6946.25|
2026-03-19|res|6984|
2026-03-19|sup|6460.75|!
2026-03-19|sup|6557.5|!
2026-03-19|sup|6620.25|!
2026-03-19|sup|6655|!
2026-03-18|res|6833.25|?
2026-03-18|res|6866.5|!
2026-03-18|res|6870.25|
2026-03-18|res|6901.5|!
2026-03-18|res|6946.25|!
2026-03-18|res|6960.5|
2026-03-18|res|6984|
2026-03-18|sup|6599.75|
2026-03-18|sup|6637.25|
2026-03-18|sup|6646.25|!
2026-03-18|sup|6681|
2026-03-18|sup|6690.5|!
2026-03-18|sup|6717.25|!
2026-03-18|sup|6765|!
2026-03-18|sup|6783.75|?
2026-03-17|res|6779.25|!
2026-03-17|res|6787.25|
2026-03-17|res|6824.75|?
2026-03-17|res|6833.25|!
2026-03-17|res|6862.5|!
2026-03-17|res|6870.25|
2026-03-17|res|6901.5|!
2026-03-17|res|6946.25|!
2026-03-17|res|6960.5|
2026-03-17|sup|6525|!
2026-03-17|sup|6599.75|!
2026-03-17|sup|6637.25|!
2026-03-17|sup|6656.75|?
2026-03-17|sup|6690.5|?
2026-03-16|res|6779.25|!
2026-03-16|res|6787.25|
2026-03-16|res|6824.75|?
2026-03-16|res|6833.25|!
2026-03-16|res|6862.5|!
2026-03-16|res|6870.25|
2026-03-16|res|6901.5|!
2026-03-16|res|6946.25|!
2026-03-16|res|6960.5|
2026-03-16|sup|6525|!
2026-03-16|sup|6599.75|!
2026-03-16|sup|6637.25|!
2026-03-16|sup|6656.75|?
2026-03-16|sup|6690.5|?
2026-03-12|res|6751.75|?
2026-03-12|res|6782.75|?
2026-03-12|res|6788|!
2026-03-12|res|6819.5|?
2026-03-12|res|6856.5|!
2026-03-12|res|6863.25|
2026-03-12|res|6899.5|!
2026-03-12|res|6912|
2026-03-12|sup|6437.25|!
2026-03-12|sup|6522.5|
2026-03-12|sup|6590.25|!
2026-03-12|sup|6641|!
2026-03-12|sup|6686.75|!
2026-03-12|sup|6693.25|?
2026-03-11|res|6856.5|!
2026-03-11|res|6860.75|
2026-03-11|res|6899.5|!
2026-03-11|res|6912|
2026-03-11|res|6930.75|!
2026-03-11|res|6943.25|
2026-03-11|res|6983.5|!
2026-03-11|sup|6437.25|!
2026-03-11|sup|6522.5|
2026-03-11|sup|6590.25|!
2026-03-11|sup|6641|!
2026-03-11|sup|6686.75|!
2026-03-11|sup|6693.25|?
2026-03-11|sup|6719.5|!
2026-03-11|sup|6725.75|?
2026-03-11|sup|6765|!
2026-03-10|res|6809|!
2026-03-10|res|6856.5|!
2026-03-10|res|6858|
2026-03-10|res|6899.5|!
2026-03-10|res|6912|
2026-03-10|res|6930.75|!
2026-03-10|res|6943.25|
2026-03-10|res|6983.5|!
2026-03-10|sup|6437.25|!
2026-03-10|sup|6522.5|
2026-03-10|sup|6590.25|!
2026-03-10|sup|6641|!
2026-03-10|sup|6693.25|!
2026-03-10|sup|6730|?
2026-03-09|res|6693.25|!
2026-03-09|res|6746|!
2026-03-09|res|6779|
2026-03-09|res|6856.5|!
2026-03-09|res|6899.5|!
2026-03-09|res|6912|
2026-03-09|sup|6476.25|
2026-03-09|sup|6547.5|!
2026-03-09|sup|6590.25|!
2026-03-05|res|6899.25|!
2026-03-05|res|6930.25|!
2026-03-05|res|6991.5|!
2026-03-05|res|6999|
2026-03-05|res|7029.5|?
2026-03-05|res|7036.5|!
2026-03-05|res|7041.75|
2026-03-05|sup|6590.25|
2026-03-05|sup|6655.75|!
2026-03-05|sup|6723.75|!
2026-03-05|sup|6773.5|?
2026-03-05|sup|6843.75|?
2026-03-04|res|6843.75|?
2026-03-04|res|6855|!
2026-03-04|res|6911.75|?
2026-03-04|res|6930.25|!
2026-03-04|res|6991.5|!
2026-03-04|res|6999|
2026-03-04|res|7029.5|?
2026-03-04|res|7036.5|!
2026-03-04|res|7041.75|
2026-03-04|sup|6590.25|
2026-03-04|sup|6655.75|!
2026-03-04|sup|6680.25|?
2026-03-04|sup|6723.75|!
2026-03-03|res|6911.75|?
2026-03-03|res|6930.25|!
2026-03-03|res|6991.5|!
2026-03-03|res|6999|
2026-03-03|res|7029.5|?
2026-03-03|res|7036.5|!
2026-03-03|res|7041.75|
2026-03-03|sup|6590.25|
2026-03-03|sup|6623.5|?
2026-03-03|sup|6683.5|
2026-03-03|sup|6696.25|!
2026-03-03|sup|6733|?
2026-03-03|sup|6767|
2026-03-03|sup|6768.75|!
2026-03-03|sup|6801.75|?
2026-03-02|res|6894|?
2026-03-02|res|6917.25|?
2026-03-02|res|6930.25|!
2026-03-02|res|6991.5|!
2026-03-02|res|6999|
2026-03-02|res|7029.5|?
2026-03-02|res|7036.5|!
2026-03-02|res|7041.75|
2026-03-02|sup|6683.5|!
2026-03-02|sup|6733|?
2026-03-02|sup|6756|
2026-03-02|sup|6765.25|!
2026-03-02|sup|6796.75|?
2026-02-17|res|6741.75|!
2026-02-17|res|6840.75|?
2026-02-17|res|6898|!
2026-02-17|res|6939.5|?
2026-02-17|res|6991.5|?
2026-02-17|res|6999|!
2026-02-17|res|7029.5|?
2026-02-17|res|7036.5|!
2026-02-17|res|7041.75|
2026-02-17|res|7054.5|!
2026-02-17|res|7097.75|!
2026-02-17|sup|6714.5|
2026-02-17|sup|6724|!
2026-02-17|sup|6768.75|!
2026-02-17|sup|6798.5|!
2026-02-17|sup|6809|?
2026-02-12|res|7005.5|?
2026-02-12|res|7017.5|!
2026-02-12|res|7029.5|?
2026-02-12|res|7041.75|!
2026-02-12|res|7054.5|!
2026-02-12|res|7097.75|!
2026-02-12|sup|6647|
2026-02-12|sup|6651.75|!
2026-02-12|sup|6714.75|
2026-02-12|sup|6733|!
2026-02-12|sup|6764.25|!
2026-02-12|sup|6816.25|!
2026-02-12|sup|6856.25|!
2026-02-12|sup|6862.25|?
2026-02-12|sup|6924.5|!
2026-02-12|sup|6928.5|?
2026-02-12|sup|6953.25|!
2026-02-10|res|7017.5|?
2026-02-10|res|7029.5|!
2026-02-10|res|7041.75|
2026-02-10|res|7095.25|!
2026-02-10|sup|6647|
2026-02-10|sup|6651.75|!
2026-02-10|sup|6714.75|
2026-02-10|sup|6733|!
2026-02-10|sup|6764.25|!
2026-02-10|sup|6816.25|!
2026-02-10|sup|6856.75|!
2026-02-10|sup|6862.25|?
2026-02-10|sup|6918.75|!
2026-02-10|sup|6924.5|?
2026-02-05|res|6943.5|?
2026-02-05|res|6965.75|?
2026-02-05|res|6994.5|!
2026-02-05|res|7026.25|?
2026-02-05|res|7036.5|!
2026-02-05|res|7041.75|
2026-02-05|res|7062.25|!
2026-02-05|sup|6733|
2026-02-05|sup|6738|!
2026-02-05|sup|6775.75|!
2026-02-05|sup|6812.25|
2026-02-05|sup|6816.25|!
2026-02-05|sup|6855.75|!
2026-02-05|sup|6864.5|?
2026-02-04|res|7026.25|?
2026-02-04|res|7036.5|!
2026-02-04|res|7041.75|
2026-02-04|res|7094.25|!
2026-02-04|res|7161|!
2026-02-04|sup|6733|
2026-02-04|sup|6738|!
2026-02-04|sup|6775.75|!
2026-02-04|sup|6812.25|
2026-02-04|sup|6816.25|!
2026-02-04|sup|6868.75|!
2026-02-04|sup|6873.5|?
2026-01-22|res|6934.5|?
2026-01-22|res|6945.25|!
2026-01-22|res|6978|!
2026-01-22|res|7006.5|?
2026-01-22|res|7017.25|!
2026-01-22|res|7027.5|!
2026-01-22|res|7049.5|!
2026-01-22|sup|6651.75|
2026-01-22|sup|6716.75|!
2026-01-22|sup|6733.75|?
2026-01-22|sup|6769.5|
2026-01-22|sup|6775.75|!
2026-01-22|sup|6816|!
2026-01-22|sup|6825.5|?
2026-01-15|res|6980.75|?
2026-01-15|res|6992.5|!
2026-01-15|res|7027.5|!
2026-01-15|res|7063.75|!
2026-01-15|res|7085|!
2026-01-15|res|7114.5|!
2026-01-15|sup|6769.5|
2026-01-15|sup|6775.75|!
2026-01-15|sup|6816|!
2026-01-15|sup|6864.75|!
2026-01-15|sup|6871.75|?
2026-01-15|sup|6890.5|!
2026-01-15|sup|6923.75|
2026-01-14|res|7027.5|!
2026-01-14|res|7060.75|!
2026-01-14|res|7085|!
2026-01-14|res|7114.5|!
2026-01-14|sup|6769.5|
2026-01-14|sup|6775.75|!
2026-01-14|sup|6816|!
2026-01-14|sup|6864.75|!
2026-01-14|sup|6871.75|?
2026-01-14|sup|6890.5|!
2026-01-14|sup|6900.5|?
2026-01-14|sup|6930.75|
2026-01-14|sup|6950.5|!
2026-01-14|sup|6977|?
2026-01-13|res|7022.75|?
2026-01-13|res|7039.25|!
2026-01-13|res|7070|!
2026-01-13|res|7114.5|!
2026-01-13|sup|6769.5|
2026-01-13|sup|6775.75|!
2026-01-13|sup|6816|!
2026-01-13|sup|6864.75|!
2026-01-13|sup|6871.75|?
2026-01-13|sup|6890.5|!
2026-01-13|sup|6900.5|?
2026-01-13|sup|6930.75|!
2026-01-13|sup|6950.5|
2026-01-13|sup|6956|!
2026-01-13|sup|6992|?
2026-01-12|res|6992.5|!
2026-01-12|res|7017|!
2026-01-12|res|7029|
2026-01-12|res|7054.25|!
2026-01-12|res|7090.75|!
2026-01-12|sup|6769.5|
2026-01-12|sup|6775.75|!
2026-01-12|sup|6816|!
2026-01-12|sup|6864.75|!
2026-01-12|sup|6871.75|?
2026-01-12|sup|6890.5|!
2026-01-12|sup|6900.5|?
2026-01-12|sup|6930.75|!
2026-01-12|sup|6950.5|!
2026-01-12|sup|6956|?
2026-01-08|res|6963.75|!
2026-01-08|res|6969.25|
2026-01-08|res|6991.5|!
2026-01-08|res|7007.25|!
2026-01-08|res|7012.25|
2026-01-08|res|7025|!
2026-01-08|res|7043.25|!
2026-01-08|sup|6769.5|
2026-01-08|sup|6775.75|!
2026-01-08|sup|6817.5|!
2026-01-08|sup|6864.75|!
2026-01-08|sup|6871.75|?
2026-01-08|sup|6890.5|!
2026-01-08|sup|6906.5|?
2026-01-08|sup|6936.25|!
2026-01-07|res|6991.5|!
2026-01-07|res|7007.25|!
2026-01-07|res|7012.25|
2026-01-07|res|7029.75|!
2026-01-07|sup|6864.75|!
2026-01-07|sup|6871.75|?
2026-01-07|sup|6890.5|!
2026-01-07|sup|6906.5|
2026-01-07|sup|6908.75|!
2026-01-07|sup|6938.75|?
2026-01-07|sup|6963.75|
2026-01-07|sup|6967|!
2026-01-06|res|6961.75|?
2026-01-06|res|6967|!
2026-01-06|res|6990|!
2026-01-06|res|6994|
2026-01-06|res|6998.75|
2026-01-06|res|7012.25|!
2026-01-06|res|7033.75|!
2026-01-06|sup|6816|!
2026-01-06|sup|6864.75|!
2026-01-06|sup|6871.75|?
2026-01-06|sup|6890.5|!
2026-01-06|sup|6900.5|?
2026-01-06|sup|6913.25|?
2026-01-06|sup|6938.75|!
2026-01-05|res|6913.25|!
2026-01-05|res|6938.75|
2026-01-05|res|6961.75|!
2026-01-05|res|6967|
2026-01-05|res|6990|!
2026-01-05|res|6994|
2026-01-05|res|6997.25|
2026-01-05|res|7012.25|?
2026-01-05|res|7017.75|!
2026-01-05|sup|6769.5|
2026-01-05|sup|6775.75|!
2026-01-05|sup|6816|!
2026-01-05|sup|6864.75|!
2026-01-05|sup|6871.75|?
2026-01-05|sup|6890.5|!
2026-01-05|sup|6900.5|?
2025-12-23|res|6935.75|?
2025-12-23|res|6963|!
2025-12-23|res|6973|?
2025-12-23|res|6983.5|
2025-12-23|res|7012.25|
2025-12-23|sup|6769.5|
2025-12-23|sup|6775.75|!
2025-12-23|sup|6816|!
2025-12-23|sup|6864.75|!
2025-12-23|sup|6876|?
2025-12-23|sup|6894|!
2025-12-23|sup|6900.5|?
2025-12-22|res|6932.25|?
2025-12-22|res|6953|!
2025-12-22|res|6972.25|!
2025-12-22|res|6983.25|
2025-12-22|res|6993.75|
2025-12-22|sup|6769.5|
2025-12-22|sup|6775.75|!
2025-12-22|sup|6816|!
2025-12-22|sup|6864.75|!
2025-12-22|sup|6876|?
2025-12-18|res|6818.25|?
2025-12-18|res|6850.25|?
2025-12-18|res|6857.25|!
2025-12-18|res|6889.75|
2025-12-18|res|6932.25|!
2025-12-18|res|6972|!
2025-12-18|res|6983.25|
2025-12-18|res|7012.5|!
2025-12-18|res|7018.75|
2025-12-18|sup|6590.5|
2025-12-18|sup|6662.75|
2025-12-18|sup|6719|
2025-12-18|sup|6728.25|!
2025-12-17|res|6886.5|!
2025-12-17|res|6889.75|
2025-12-17|res|6932.25|!
2025-12-17|res|6972|!
2025-12-17|res|6983.25|
2025-12-17|res|7012.5|!
2025-12-17|res|7018.75|
2025-12-17|res|7064.75|!
2025-12-17|sup|6590.5|
2025-12-17|sup|6662.75|
2025-12-17|sup|6719|
2025-12-17|sup|6728.25|!
2025-12-17|sup|6812|
2025-12-17|sup|6821.75|!
2025-12-09|res|6868.75|?
2025-12-09|res|6891.5|!
2025-12-09|res|6893.25|
2025-12-09|res|6903.5|
2025-12-09|res|6918.25|!
2025-12-09|res|6952.25|!
2025-12-09|sup|6787.5|
2025-12-09|sup|6793.75|!
2025-12-09|sup|6812.25|
2025-12-09|sup|6818|!
2025-12-09|sup|6833|!
2025-12-09|sup|6836.25|?
2025-12-08|res|6892.75|!
2025-12-08|res|6903.5|!
2025-12-08|res|6918.25|!
2025-12-08|res|6952.25|!
2025-12-08|sup|6787.5|
2025-12-08|sup|6793.75|!
2025-12-08|sup|6812.25|
2025-12-08|sup|6818|!
2025-12-08|sup|6832.25|!
2025-12-08|sup|6836.75|?
2025-12-08|sup|6856.75|!
2025-12-08|sup|6866.75|?
2025-12-02|res|6856.25|?
2025-12-02|res|6865.75|!
2025-12-02|res|6893.25|!
2025-12-02|res|6899|
2025-12-02|res|6918.25|?
2025-12-02|res|6952.25|
2025-12-02|sup|6508|
2025-12-02|sup|6531.75|?
2025-12-02|sup|6588.25|!
2025-12-02|sup|6652.25|!
2025-12-02|sup|6670.25|?
2025-12-02|sup|6732.5|!
2025-12-02|sup|6787.5|!
2025-12-02|sup|6793.75|?
2025-11-24|res|6686.25|?
2025-11-24|res|6708.75|!
2025-11-24|res|6791.25|!
2025-11-24|res|6800.5|
2025-11-24|res|6844.25|!
2025-11-24|res|6850.25|
2025-11-24|res|6893.25|!
2025-11-24|res|6899|
2025-11-24|res|6918.25|?
2025-11-24|res|6952.25|
2025-11-24|sup|6418.75|
2025-11-24|sup|6427|!
2025-11-24|sup|6482|!
2025-11-24|sup|6508|
2025-11-24|sup|6531.75|?
2025-11-24|sup|6600.25|!
2025-11-20|res|6800.5|!
2025-11-20|res|6889|
2025-11-20|res|6893.25|!
2025-11-20|res|6918.25|?
2025-11-20|res|6952.25|
2025-11-20|sup|6418.75|
2025-11-20|sup|6427|!
2025-11-20|sup|6482|
2025-11-20|sup|6491.25|!
2025-11-20|sup|6508|?
2025-11-20|sup|6544.75|
2025-11-20|sup|6571.75|
2025-11-20|sup|6603.5|!
2025-11-20|sup|6658.25|?
2025-11-19|res|6686.25|!
2025-11-19|res|6778.5|?
2025-11-19|res|6800.5|!
2025-11-19|res|6889|
2025-11-19|res|6893.25|!
2025-11-19|sup|6418.75|
2025-11-19|sup|6427|!
2025-11-19|sup|6482|
2025-11-19|sup|6491.25|!
2025-11-19|sup|6508|?
2025-11-19|sup|6544.75|
2025-11-19|sup|6571.75|
2025-11-19|sup|6603.5|?
2025-11-17|res|6823.5|?
2025-11-17|res|6866.25|!
2025-11-17|res|6901|!
2025-11-17|res|6918.25|
2025-11-17|res|6942|!
2025-11-17|res|6952.5|
2025-11-17|sup|6567|
2025-11-17|sup|6571.75|!
2025-11-17|sup|6618.75|
2025-11-17|sup|6631.75|!
2025-11-17|sup|6664.25|!
2025-11-17|sup|6670.5|?
2025-11-17|sup|6740.5|?
2025-11-11|res|6866.25|?
2025-11-11|res|6907.25|?
2025-11-11|res|6918.25|!
2025-11-11|res|6952.25|
2025-11-11|res|6973.75|!
2025-11-11|res|6999.5|!
2025-11-11|res|7045.25|!
2025-11-11|sup|6631.5|!
2025-11-11|sup|6655.25|?
2025-11-11|sup|6733.75|?
2025-11-11|sup|6763.5|?
2025-11-11|sup|6795.25|!
2025-11-11|sup|6804.5|?
2025-11-11|sup|6836.25|?
2025-11-05|res|6841.75|!
2025-11-05|res|6845|
2025-11-05|res|6868.25|?
2025-11-05|res|6907.25|?
2025-11-05|res|6918.25|!
2025-11-05|res|6952.25|
2025-11-05|res|6973.75|!
2025-11-05|res|6999.5|!
2025-11-05|res|7045.25|!
2025-11-05|sup|6571.5|
2025-11-05|sup|6631.5|!
2025-11-05|sup|6641.75|?
2025-11-05|sup|6694|!
2025-11-05|sup|6740|
2025-11-05|sup|6752.75|!
2025-10-21|res|6809.5|!
2025-10-21|res|6831.5|!
2025-10-21|res|6878.25|!
2025-10-21|sup|6419.75|
2025-10-21|sup|6425.5|!
2025-10-21|sup|6475.25|
2025-10-21|sup|6481.75|!
2025-10-21|sup|6512.25|!
2025-10-21|sup|6540.25|
2025-10-21|sup|6571.5|!
2025-10-21|sup|6631.5|?
2025-10-21|sup|6746.75|!
2025-10-21|sup|6758.75|?
2025-10-20|res|6746.75|?
2025-10-20|res|6764|!
2025-10-20|res|6809.5|!
2025-10-20|res|6909|
2025-10-20|sup|6419.75|
2025-10-20|sup|6425.5|!
2025-10-20|sup|6475.25|
2025-10-20|sup|6481.75|!
2025-10-20|sup|6512.25|!
2025-10-20|sup|6540.25|
2025-10-20|sup|6571.5|!
2025-10-20|sup|6631.5|?
2025-10-16|res|6726.5|?
2025-10-16|res|6731|!
2025-10-16|res|6764|!
2025-10-16|res|6809.5|!
2025-10-16|res|6824.5|!
2025-10-16|res|6882.5|!
2025-10-16|sup|6482|
2025-10-16|sup|6507.5|!
2025-10-16|sup|6540.25|
2025-10-16|sup|6593.5|!
2025-10-16|sup|6651.5|!
2025-10-15|res|6719|!
2025-10-15|res|6748.5|?
2025-10-15|res|6757|!
2025-10-15|res|6809.5|!
2025-10-15|res|6877.75|!
2025-10-15|sup|6482|
2025-10-15|sup|6507.5|!
2025-10-15|sup|6540.25|
2025-10-15|sup|6593.5|!
2025-10-15|sup|6624.5|?
2025-09-30|res|6735.75|!
2025-09-30|res|6756.5|!
2025-09-30|res|6774|!
2025-09-30|sup|6611|
2025-09-30|sup|6615.5|!
2025-09-30|sup|6628.25|
2025-09-30|sup|6631.5|!
2025-09-30|sup|6653.5|
2025-09-30|sup|6656.75|!
2025-09-30|sup|6675.5|
2025-09-30|sup|6678|!
2025-09-30|sup|6694.5|
2025-09-30|sup|6698.75|!
2025-09-29|res|6728.75|?
2025-09-29|res|6735.5|!
2025-09-29|res|6756.5|!
2025-09-29|res|6767|!
2025-09-29|sup|6402|?
2025-09-29|sup|6611|
2025-09-29|sup|6615.5|!
2025-09-29|sup|6628.25|
2025-09-29|sup|6631.5|!
2025-09-29|sup|6653.5|
2025-09-29|sup|6656.75|!
2025-09-29|sup|6678|
2025-09-29|sup|6681.5|!
2025-09-29|sup|6698.75|!
2025-09-25|res|6728.75|!
2025-09-25|res|6756.5|!
2025-09-25|res|6780.5|!
2025-09-25|sup|6545.25|!
2025-09-25|sup|6581.5|!
2025-09-25|sup|6592.5|?
2025-09-25|sup|6628.25|
2025-09-25|sup|6631.5|!
2025-09-25|sup|6678|
2025-09-25|sup|6681.5|!
2025-09-18|res|6695|!
2025-09-18|res|6717.5|?
2025-09-18|res|6744.75|!
2025-09-18|res|6789|
2025-09-18|sup|6509.25|
2025-09-18|sup|6544.75|!
2025-09-18|sup|6577|
2025-09-18|sup|6616.5|?
2025-09-18|sup|6632.5|
2025-09-18|sup|6639.5|!
2025-09-18|sup|6659.75|!
2025-09-18|sup|6663.25|?
2025-09-09|res|6522.75|!
2025-09-09|res|6524.25|?
2025-09-09|res|6540.5|!
2025-09-09|res|6550.5|
2025-09-09|res|6563.75|!
2025-09-09|res|6606.75|!
2025-09-09|sup|6315.75|
2025-09-09|sup|6331.75|!
2025-09-09|sup|6358.25|
2025-09-09|sup|6364.25|!
2025-09-09|sup|6372|?
2025-09-09|sup|6426.5|
2025-09-09|sup|6453.25|
2025-09-09|sup|6491.25|!
2025-09-08|res|6496.25|!
2025-09-08|res|6499|?
2025-09-08|res|6522.75|!
2025-09-08|res|6540.5|!
2025-09-08|res|6542|
2025-09-08|res|6563.75|!
2025-09-08|res|6606.75|!
2025-09-08|sup|6315.75|
2025-09-08|sup|6331.75|!
2025-09-08|sup|6358.25|
2025-09-08|sup|6364.25|!
2025-09-08|sup|6372|?
2025-09-08|sup|6426.5|
2025-09-08|sup|6453.25|?
2025-09-04|res|6484.25|?
2025-09-04|res|6495.25|?
2025-09-04|res|6507|!
2025-09-04|res|6520.5|!
2025-09-04|res|6526.75|
2025-09-04|res|6538.25|!
2025-09-04|res|6563.75|!
2025-09-04|sup|6315.75|
2025-09-04|sup|6331.75|!
2025-09-04|sup|6358.25|
2025-09-04|sup|6364.25|!
2025-09-04|sup|6377|?
2025-09-04|sup|6426.5|
2025-09-04|sup|6453.25|?
2025-09-03|res|6455.5|?
2025-09-03|res|6491.5|?
2025-09-03|res|6495.25|!
2025-09-03|res|6508|?
2025-09-03|res|6520.5|
2025-09-03|res|6538.25|!
2025-09-03|res|6563.75|!
2025-09-03|sup|6246.5|
2025-09-03|sup|6254.5|!
2025-09-03|sup|6277|
2025-09-03|sup|6288.5|!
2025-09-03|sup|6315.75|
2025-09-03|sup|6331.75|!
2025-09-03|sup|6358.25|
2025-09-03|sup|6364.25|!
2025-09-03|sup|6377|?
2025-09-02|res|6491.5|?
2025-09-02|res|6495.25|!
2025-09-02|res|6508|?
2025-09-02|res|6520.5|
2025-09-02|res|6538.25|!
2025-09-02|res|6563.75|!
2025-09-02|sup|6315.75|
2025-09-02|sup|6331.75|!
2025-09-02|sup|6358.25|
2025-09-02|sup|6364.25|!
2025-09-02|sup|6391|!
2025-09-02|sup|6435|?
2025-09-02|sup|6455|?
2025-09-01|res|6491.5|?
2025-09-01|res|6495.25|!
2025-09-01|res|6508|?
2025-09-01|res|6520.5|
2025-09-01|res|6538.25|!
2025-09-01|res|6563.75|!
2025-09-01|sup|6315.75|
2025-09-01|sup|6331.75|!
2025-09-01|sup|6358.25|
2025-09-01|sup|6364.25|!
2025-09-01|sup|6391|!
2025-09-01|sup|6435|?
2025-09-01|sup|6448.75|!
2025-09-01|sup|6454.25|?
2025-08-28|res|6495.25|!
2025-08-28|res|6508|!
2025-08-28|res|6512.25|
2025-08-28|res|6532|!
2025-08-28|res|6558.5|!
2025-08-28|sup|6315.75|
2025-08-28|sup|6331.75|!
2025-08-28|sup|6358.25|
2025-08-28|sup|6364.25|!
2025-08-28|sup|6391|!
2025-08-28|sup|6397.75|?
2025-08-28|sup|6435|!
2025-08-28|sup|6452.25|!
2025-08-28|sup|6460.75|?
2025-08-27|res|6495.25|?
2025-08-27|res|6508|
2025-08-27|res|6525|!
2025-08-27|res|6560.5|!
2025-08-27|sup|6315.75|
2025-08-27|sup|6331.75|!
2025-08-27|sup|6358.25|
2025-08-27|sup|6364.25|!
2025-08-27|sup|6391|!
2025-08-27|sup|6397.75|?
2025-08-27|sup|6435|!
2025-08-27|sup|6452.25|?
2025-08-26|res|6428|!
2025-08-26|res|6454.25|!
2025-08-26|res|6482.5|?
2025-08-26|res|6508|
2025-08-26|res|6580.5|!
2025-08-26|res|6665|!
2025-08-26|sup|6315.75|
2025-08-26|sup|6331.75|!
2025-08-26|sup|6358.25|
2025-08-26|sup|6364.25|!
2025-08-26|sup|6400.25|?
2025-08-26|sup|6430.5|?
2025-08-25|res|6495.25|?
2025-08-25|res|6508|!
2025-08-25|res|6532.75|!
2025-08-25|res|6580.5|!
2025-08-25|res|6665|!
2025-08-25|sup|6315.75|
2025-08-25|sup|6331.75|!
2025-08-25|sup|6358.25|
2025-08-25|sup|6364.25|!
2025-08-25|sup|6400.25|?
2025-08-25|sup|6430.5|?
2025-08-25|sup|6448.25|!
2025-08-25|sup|6454.25|?
2025-08-21|res|6442|?
2025-08-21|res|6454.75|!
2025-08-21|res|6476.25|?
2025-08-21|res|6502.25|?
2025-08-21|res|6508|!
2025-08-21|res|6521.75|!
2025-08-21|sup|6315.75|
2025-08-21|sup|6331.75|!
2025-08-21|sup|6358.25|
2025-08-21|sup|6364.25|!
2025-08-21|sup|6391.5|?
2025-08-20|res|6436.5|?
2025-08-20|res|6454.75|!
2025-08-20|res|6476.25|?
2025-08-20|res|6502.25|?
2025-08-20|res|6508|!
2025-08-20|res|6521.75|!
2025-08-20|res|6544|!
2025-08-20|sup|6315.75|
2025-08-20|sup|6331.75|!
2025-08-20|sup|6358.25|
2025-08-20|sup|6364.25|!
2025-08-20|sup|6391.5|?
2025-08-20|sup|6408.5|!
2025-08-19|res|6475.25|?
2025-08-19|res|6502.25|?
2025-08-19|res|6508|!
2025-08-19|res|6526.5|!
2025-08-19|res|6544|!
2025-08-19|sup|6331.75|!
2025-08-19|sup|6358.25|
2025-08-19|sup|6364.25|!
2025-08-19|sup|6391.5|?
2025-08-19|sup|6408.5|?
2025-08-19|sup|6429.5|!
2025-08-19|sup|6456.5|!
2025-08-18|res|6502.25|?
2025-08-18|res|6508|!
2025-08-18|res|6526.5|!
2025-08-18|res|6544|!
2025-08-18|sup|6331.75|!
2025-08-18|sup|6358.25|
2025-08-18|sup|6364.25|!
2025-08-18|sup|6391.5|?
2025-08-18|sup|6408.5|?
2025-08-18|sup|6429.5|!
2025-08-18|sup|6460.75|
2025-08-18|sup|6466.25|!
2025-08-12|res|6429.5|!
2025-08-12|res|6459.25|!
2025-08-12|res|6467|
2025-08-12|res|6500.75|!
2025-08-12|sup|6277|!
2025-08-12|sup|6288.5|?
2025-08-12|sup|6331.75|!
2025-08-12|sup|6358.25|
2025-08-12|sup|6364.25|!
2025-08-12|sup|6392.75|?
2025-08-11|res|6429.5|?
2025-08-11|res|6459.25|!
2025-08-11|res|6467|
2025-08-11|res|6500.75|!
2025-08-11|sup|6277|!
2025-08-11|sup|6288.5|?
2025-08-11|sup|6315.75|
2025-08-11|sup|6331.5|!
2025-08-11|sup|6357.5|!
2025-08-11|sup|6367|?
2025-08-11|sup|6390|!
2025-08-11|sup|6402|?
2025-08-05|res|6374.25|!
2025-08-05|res|6421.25|
2025-08-05|res|6458.5|!
2025-08-05|res|6467|
2025-08-05|res|6497.75|!
2025-08-05|sup|6103.5|!
2025-08-05|sup|6137|
2025-08-05|sup|6187.25|!
2025-08-05|sup|6227.25|
2025-08-05|sup|6241|!
2025-08-05|sup|6294.5|!
2025-08-05|sup|6331.75|?
2025-08-04|res|6339.25|!
2025-08-04|res|6343|
2025-08-04|res|6374.25|!
2025-08-04|res|6415.5|!
2025-08-04|res|6421.25|
2025-08-04|res|6458.5|!
2025-08-04|res|6467|
2025-08-04|sup|6103.5|!
2025-08-04|sup|6137|
2025-08-04|sup|6187.25|!
2025-08-04|sup|6227.25|
2025-08-04|sup|6241|!
2025-07-31|res|6456.25|!
2025-07-31|res|6485.5|!
2025-07-31|res|6515.75|!
2025-07-31|res|6575|!
2025-07-31|sup|6340|?
2025-07-31|sup|6353.5|!
2025-07-31|sup|6373.75|?
2025-07-31|sup|6393.5|
2025-07-31|sup|6422.75|?
2025-07-31|sup|6441.5|?
2025-07-31|sup|6456.25|!
2025-07-29|res|6433.5|!
2025-07-29|res|6456.25|!
2025-07-29|res|6481.5|!
2025-07-29|res|6505.25|!
2025-07-29|sup|6318.75|
2025-07-29|sup|6323.5|!
2025-07-29|sup|6340|?
2025-07-29|sup|6353.5|!
2025-07-29|sup|6373.75|?
2025-07-29|sup|6393.5|!
2025-07-29|sup|6407.25|!
2025-07-29|sup|6410.5|?
2025-07-22|res|6354|!
2025-07-22|res|6356.25|
2025-07-22|res|6373.75|!
2025-07-22|res|6387.5|!
2025-07-22|sup|6159.5|!
2025-07-22|sup|6185.5|!
2025-07-22|sup|6207|!
2025-07-22|sup|6227|!
2025-07-22|sup|6236.25|?
2025-07-22|sup|6246.25|
2025-07-22|sup|6254.5|!
2025-07-22|sup|6277|?
2025-07-22|sup|6288.5|?
2025-07-22|sup|6318|
2025-07-22|sup|6323.5|!
2025-07-21|res|6356.25|?
2025-07-21|res|6372.25|!
2025-07-21|res|6387.5|!
2025-07-21|sup|6159.5|!
2025-07-21|sup|6185.5|!
2025-07-21|sup|6207|!
2025-07-21|sup|6227|!
2025-07-21|sup|6236.25|?
2025-07-21|sup|6246.25|
2025-07-21|sup|6254.5|!
2025-07-21|sup|6277|?
2025-07-21|sup|6288.5|?
2025-07-21|sup|6320|
2025-07-21|sup|6323.5|!
2025-07-17|res|6307|?
2025-07-17|res|6315|!
2025-07-17|res|6335.25|!
2025-07-17|res|6342.25|
2025-07-17|res|6372.25|!
2025-07-17|res|6401.5|!
2025-07-17|sup|6159.5|!
2025-07-17|sup|6185.5|!
2025-07-17|sup|6207|!
2025-07-17|sup|6227|!
2025-07-17|sup|6236.25|?
2025-07-17|sup|6246.25|
2025-07-17|sup|6254.5|!
2025-07-17|sup|6277|?
2022-12-01|res|4094.75|?
2022-12-01|res|4137.75|!
2022-12-01|res|4174.75|
2022-12-01|res|4203.75|
2022-12-01|res|4234.5|
2022-12-01|sup|3928.5|!
2022-12-01|sup|3942.5|
2022-12-01|sup|3990.25|!
2022-12-01|sup|4032.5|
2022-12-01|sup|4038.5|!
2022-11-08|res|3822|!
2022-11-08|res|3871|?
2022-11-08|res|3880.5|!
2022-11-08|res|3907|!
2022-11-08|res|3926|
2022-11-08|sup|3506.75|
2022-11-08|sup|3580.25|
2022-11-08|sup|3647|!
2022-11-08|sup|3715.25|
2022-11-08|sup|3757.5|
2022-11-08|sup|3774|!
2022-10-19|res|3776|?
2022-10-19|res|3819.25|!
2022-10-19|res|3832|
2022-10-19|res|3903.75|?
2022-10-19|res|3934.25|
2022-10-19|res|3979.5|
2022-10-19|res|4034|!
2022-10-19|sup|3506.75|
2022-10-19|sup|3580.25|
2022-10-19|sup|3617.5|!
2022-10-19|sup|3660|?
2022-10-19|sup|3703.5|
2022-10-19|sup|3723.75|?
2022-09-15|res|3979.75|?
2022-09-15|res|3997.75|!
2022-09-15|res|4035.75|!
2022-09-15|res|4042.5|
2022-09-15|res|4090.25|!
2022-09-15|res|4138.25|?
2022-09-15|res|4175.5|!
2022-09-15|res|4203.75|!
2022-09-15|res|4231|!
2022-09-15|res|4277.5|!
2022-09-15|sup|3759.75|
2022-09-15|sup|3787.25|
2022-09-15|sup|3796|!
2022-09-15|sup|3838.25|!
2022-09-15|sup|3866.25|?
2022-09-15|sup|3900|
2022-09-15|sup|3902.5|!
2022-09-15|sup|3937.75|?
2022-09-12|res|4160|?
2022-09-12|res|4187|!
2022-09-12|res|4203.75|!
2022-09-12|res|4221.75|!
2022-09-12|res|4238.5|
2022-09-12|sup|3900|
2022-09-12|sup|3902.5|!
2022-09-12|sup|3937.75|?
2022-09-12|sup|3969.5|!
2022-09-12|sup|4025|
2022-06-29|res|3656.5|
2022-06-29|res|3836.75|!
2022-06-29|res|3870|!
2022-06-29|res|3886|?
2022-06-29|res|3913|!
2022-06-29|res|3937.25|?
2022-06-29|res|3947|!
2022-06-29|res|3979|!
2022-06-29|res|4008.25|?
2022-06-29|res|4044.75|!
2022-06-29|res|4076.5|
2022-06-29|sup|3696.75|!
2022-06-29|sup|3737.5|
2022-06-29|sup|3781.75|!
2022-06-29|sup|3817|!
2022-05-26|res|3994|?
2022-05-26|res|4042.75|!
2022-05-26|res|4055|
2022-05-26|res|4094.5|!
2022-05-26|res|4111|!
2022-05-26|res|4152.25|!
2022-05-26|res|4157|
2022-05-26|res|4194.5|
2022-05-26|sup|3681.75|
2022-05-26|sup|3744.25|!
2022-05-26|sup|3807.25|!
2022-05-26|sup|3855.75|
2022-05-26|sup|3873.25|!
2022-05-26|sup|3904|
2022-05-26|sup|3911.75|!
2022-05-26|sup|3928.5|!
2022-04-11|res|4471.75|!
2022-04-11|res|4516.25|!
2022-04-11|res|4519.25|
2022-04-11|res|4539.5|!
2022-04-11|res|4555.25|!
2022-04-11|res|4587.75|
2022-04-11|sup|4325.25|
2022-04-11|sup|4367.25|
2022-04-11|sup|4393.75|?
2022-04-11|sup|4416|
2022-04-11|sup|4435.75|?
2022-04-11|sup|4444.25|!
